ID,boxoffice_todate,countries,directors,dvd_release,imdbID,imdbRating,imdbVotes,langs,mpaa_rating,plot,poster_url,prodco,release_date,release_year,runtime,title,actors,watched,genres,writers
0,5644918,USA,Mike Mills,3/28/2017,tt4385888,7.5,11525,English,R,"The story of a teenage boy, his mother, and two other women who help raise him among the love and freedom of Southern California of 1979.",https://images-na.ssl-images-amazon.com/images/M/MV5BMTkwNDE4NzQwM15BMl5BanBnXkFtZTgwNzQ5Nzg0MDI@._V1_SX300.jpg,A24 Films,1/20/2017,2016,119 min,20th Century Women,Annette Bening|Elle Fanning|Greta Gerwig|Billy Crudup,1,Comedy|Drama,Mike Mills
1,0,USA,Gaby Dellal,#N/A,tt4158624,5.4,1585,English|Spanish,#N/A,"After Ray decides to transition from female to male, Ray's mother, Maggie, must come to terms with the decision while tracking down Ray's biological father to get his legal consent.",https://images-na.ssl-images-amazon.com/images/M/MV5BMTk1MTIwOTMwNl5BMl5BanBnXkFtZTgwODQzNjY5MTI@._V1_SX300.jpg,The Weinstein Company,9/29/2016,2015,92 min,3 Generations,Elle Fanning|Linda Emond|Susan Sarandon|Naomi Watts,1,Drama,Nikole Beckwith|Gaby Dellal
2,8103139,USA|Germany,Gore Verbinski,#N/A,tt4731136,6.5,11455,English|German,R,"An ambitious young executive is sent to retrieve his company's CEO from an idyllic but mysterious ""wellness center"" at a remote location in the Swiss Alps, but soon suspects that the spa's treatments are not what they seem.",https://images-na.ssl-images-amazon.com/images/M/MV5BMTg5Njg1MzIwNl5BMl5BanBnXkFtZTgwNDU1NjczMDI@._V1_SX300.jpg,20th Century Fox,2/17/2017,2016,146 min,A Cure for Wellness,Dane DeHaan|Jason Isaacs|Mia Goth|Ivo Nandi,0,Drama|Fantasy|Horror,Justin Haythe |Justin Haythe |Gore Verbinski 
3,0,Ireland|UK,Liam Gavin,#N/A,tt4805316,6.9,98,English,#N/A,A determined young woman and a damaged occultist risk their lives and souls to perform a dangerous ritual that will grant them what they want.,https://images-na.ssl-images-amazon.com/images/M/MV5BMTEzNDk1MzM4MDleQTJeQWpwZ15BbWU4MDM2NTI4ODEy._V1_SX300.jpg,Samson Films,4/28/2017,2016,100 min,A Dark Song,Mark Huberman|Susan Loughnane|Steve Oram|Catherine Walker,0,Drama|Horror,Liam Gavin
4,64008927,USA,Lasse Hallström,5/2/2017,tt1753383,6.1,19117,English,PG,A dog looks to discover his purpose in life over the course of several lifetimes and owners.,https://images-na.ssl-images-amazon.com/images/M/MV5BNDQ4NjkxNzgzN15BMl5BanBnXkFtZTgwMjAzODQ4OTE@._V1_SX300.jpg,Amblin Entertainment,1/27/2017,2017,100 min,A Dog's Purpose,Josh Gad|Dennis Quaid|Peggy Lipton|Bryce Gheisar,1,Adventure|Comedy|Drama,W. Bruce Cameron |Cathryn Michon |Audrey Wells |Maya Forbes |Wally Wolodarsky |W. Bruce Cameron 
5,492280,UK|Belgium,Terence Davies,#N/A,tt2392830,7.3,538,English,PG-13,"The story of American poet Emily Dickinson from her early days as a young schoolgirl to her later years as a reclusive, unrecognized artist.",https://images-na.ssl-images-amazon.com/images/M/MV5BZDNhNDg5ZGItMzA2YS00NDRlLWE2NTItNWQ0OGEwZGIyOTc2XkEyXkFqcGdeQXVyNDU0NjMyNTQ@._V1_SX300.jpg,Hurricane Films,4/7/2017,2016,125 min,A Quiet Passion,Cynthia Nixon|Jennifer Ehle|Duncan Duff|Keith Carradine,1,Biography|Drama,Terence Davies
6,0,USA,Elisabeth Subrin,#N/A,tt4637878,7.3,76,English,#N/A,"An exhausted, workaholic actress, Anna Baskin, 44, abruptly extricates herself from a successful but mind-numbing TV role, returning to her past life in New York to reinvent herself.",https://images-na.ssl-images-amazon.com/images/M/MV5BNTdjY2VhNWMtNmE3Yi00NmIxLTk3MTQtYzliNGIxMzE5ODg5XkEyXkFqcGdeQXVyNTQwMDA5NTg@._V1_SX300.jpg,#N/A,3/22/2017,2016,97 min,"A Woman, a Part",Maggie Siff|Dagmara Dominczyk|John Ortiz|Khandi Alexander,1,Drama,Elisabeth Subrin
7,673096,UK|USA,Terry Jones,#N/A,tt1727770,6,26046,English|French,#N/A,"A group of eccentric aliens confer a human being with the power to do absolutely anything, as an experiment.",https://images-na.ssl-images-amazon.com/images/M/MV5BMjMxNTQ1NDgyOF5BMl5BanBnXkFtZTgwMjMxNjU0NjE@._V1_SX300.jpg,Atlas Distribution,5/12/2017,2015,85 min,Absolutely Anything,Simon Pegg|Kate Beckinsale|Sanjeev Bhaskar|Rob Riggle,1,Comedy|Sci-Fi,Terry Jones |Gavin Scott 
8,0,USA|Australia|New Zealand|UK,Ridley Scott,#N/A,tt2316204,7.1,12767,English,R,"The crew of a colony ship, bound for a remote planet, discover an uncharted paradise with a threat beyond their imagination, and must attempt a harrowing escape.",https://images-na.ssl-images-amazon.com/images/M/MV5BNzI5MzM3MzkxNF5BMl5BanBnXkFtZTgwOTkyMjI4MTI@._V1_SX300.jpg,20th Century Fox,5/19/2017,2017,122 min,Alien: Covenant,Michael Fassbender|Katherine Waterston|Billy Crudup|Danny McBride,1,Horror|Sci-Fi|Thriller,Dan O'Bannon |Ronald Shusett |Jack Paglen |Michael Green |John Logan |Dante Harper 
9,8571,USA,Brett Berns|Bob Sarles,#N/A,tt5432624,0,0,English,#N/A,"Music meets the Mob in this biographical documentary, narrated by Steven Van Zandt, about the life and career of Bert Berns, the most important songwriter and record producer from the sixties that you never heard of.",#N/A,Abramorama,3/12/2016,2016,94 min,Bang! The Bert Berns Story,Brooks Arthur|Jeff Barry|Carmine DeNoia|Cissy Houston,1,Documentary,Christina Keating |Joel Selvin 
10,487739364,USA|UK,Bill Condon,#N/A,tt2771200,7.7,98473,English,PG,An adaptation of the fairy tale about a monstrous-looking prince and a young woman who fall in love.,https://images-na.ssl-images-amazon.com/images/M/MV5BMTUwNjUxMTM4NV5BMl5BanBnXkFtZTgwODExMDQzMTI@._V1_SX300.jpg,Walt Disney Pictures,3/17/2017,2017,129 min,Beauty and the Beast,Emma Watson|Dan Stevens|Luke Evans|Josh Gad,1,Family|Fantasy|Musical,Stephen Chbosky |Evan Spiliotopoulos |Linda Woolverton 
11,12230741,USA,Ry Russo-Young,#N/A,tt1691916,6.4,2257,English,PG-13,"February 12 is just another day in Sam's charmed life, until it turns out to be her last. Stuck reliving her last day over one inexplicable week, Sam untangles the mystery around her death and discovers everything she's losing.",https://images-na.ssl-images-amazon.com/images/M/MV5BNDYwOTY0MDI2OV5BMl5BanBnXkFtZTgwOTE5NzM2MDI@._V1_SX300.jpg,Open Road Films,3/3/2017,2017,98 min,Before I Fall,Zoey Deutch|Halston Sage|Logan Miller|Kian Lawley,1,Drama|Mystery,Maria Maggenti |Lauren Oliver 
12,0,Canada,George Mendeluk,#N/A,tt3182620,6.2,1121,English,R,"Set in 1930s Ukraine, as Stalin advances the ambitions of communists in the Kremlin, young artist Yuri battles to save his lover Natalka from the Holodomor, the death-by-starvation program that ultimately killed millions of Ukrainians.",https://images-na.ssl-images-amazon.com/images/M/MV5BMTkwMTczNzUxNV5BMl5BanBnXkFtZTgwNzA4Mjc2MDI@._V1_SX300.jpg,#N/A,2/23/2017,2017,103 min,Bitter Harvest,Barry Pepper|Max Irons|Aneurin Barnard|Terence Stamp,1,Drama|Romance|War,Richard Bachynsky Hoover |George Mendeluk |Richard Bachynsky Hoover 
13,24655,USA,Sarah Adina Smith,#N/A,tt5173032,7.2,222,English,#N/A,"In this bold thriller spiked with dark humor, Rami Malek (Mr. Robot) is a family man whose chance encounter with a conspiracy-obsessed drifter leaves him on the run from the police and an impending event known as The Inversion.",https://images-na.ssl-images-amazon.com/images/M/MV5BOTE4Njg2NDA5Ml5BMl5BanBnXkFtZTgwMzc1MzIwMjI@._V1_SX300.jpg,Well Go USA Entertainment,4/28/2017,2016,96 min,Buster's Mal Heart,Rami Malek|DJ Qualls|Kate Lyn Sheil|Lin Shaye,0,Drama|Mystery|Thriller,Sarah Adina Smith
14,18176244,USA,Dax Shepard,#N/A,tt0493405,5.6,3250,English|Spanish,R,"A rookie officer is teamed with a hardened pro at the California Highway Patrol, though the newbie soon learns his partner is really an undercover Fed investigating a heist that may involved some crooked cops.",https://images-na.ssl-images-amazon.com/images/M/MV5BZTliN2IyMTctYTliOS00ZTJiLTkxN2YtNDg1YTJiZTA4MTVlL2ltYWdlXkEyXkFqcGdeQXVyMTkxNjUyNQ@@._V1_SX300.jpg,Warner Bros. Pictures,3/24/2017,2017,100 min,CHIPS,Michael Peña|Dax Shepard|Jessica McNamee|Adam Brody,1,Action|Comedy|Crime,Dax Shepard|Rick Rosner 
15,0,USA,Jiaqi Lin,#N/A,tt5050456,0,0,#N/A,#N/A,"Max, who has autism, encounters his first love.",#N/A,#N/A,#N/A,2014,5 min,Can't Help Falling in Love,Murali Chand|Jordan Jackson|Shigeru Mitani,0,Short|Music,#N/A
16,0,USA,Brian Fee,#N/A,tt3606752,0,0,English,#N/A,Lightning McQueen sets out to prove to a new generation of racers that he's still the best race car in the world.,https://images-na.ssl-images-amazon.com/images/M/MV5BMTc0NzU2OTYyN15BMl5BanBnXkFtZTgwMTkwOTg2MTI@._V1_SX300.jpg,Pixar Animation Studios,6/16/2017,2017,#N/A,Cars 3,Armie Hammer|Nathan Fillion|Owen Wilson|Kerry Washington,0,Animation|Adventure|Comedy,#N/A
17,0,USA,Jamal Joseph,#N/A,tt3946960,7.7,7,English,#N/A,"Upon his return from serving a ten-year sentence in prison, reformed gang leader, S. Lance Ingram, struggles to adapt to a changed Harlem. Unable to use the technological skills he acquired...",https://images-na.ssl-images-amazon.com/images/M/MV5BMjM4ZDdlZjUtZjcxOC00NTc5LWFmNDYtNWE1ODc5MjFiZjQzXkEyXkFqcGdeQXVyNjg2NzE5Njc@._V1_SX300.jpg,#N/A,9/26/2015,2015,97 min,Chapter & Verse,Daniel Beaty|Loretta Devine|Omari Hardwick|Selenis Leyva,1,Drama,Daniel Beaty|Daniel Beaty|Jamal Joseph
18,0,USA,Philippe Falardeau,#N/A,tt1610525,7.3,194,English,R,A drama inspired by the life of heavyweight boxer Chuck Wepner.,https://images-na.ssl-images-amazon.com/images/M/MV5BYjNkODgyYTItNTY4OC00YzRjLWE0NmQtMGU2NTE1YWI4ZTI5XkEyXkFqcGdeQXVyNjg2MDY0Mzk@._V1_SX300.jpg,IFC Films,5/5/2017,2016,101 min,Chuck,Naomi Watts|Ron Perlman|Elisabeth Moss|Liev Schreiber,1,Drama|Sport,Jeff Feuerzeig|Jerry Stahl|Michael Cristofer|Liev Schreiber
19,0,USA,Matt Tyrnauer,#N/A,tt3699354,7.3,22,English,#N/A,Writer and urban activist Jane Jacobs fights to save historic New York City during the ruthless redevelopment era of urban planner Robert Moses in the 1960s.,https://images-na.ssl-images-amazon.com/images/M/MV5BNjU1MTE3OTYyMF5BMl5BanBnXkFtZTgwMzIwNTQwMjI@._V1_SX300.jpg,#N/A,4/21/2017,2016,92 min,Citizen Jane: Battle for the City,Thomas Campanella|Mindy Fullilove|Alexander Garvin|Paul Goldberger,0,Documentary,#N/A
20,2196654,UK|Germany|China,Eran Creevy,#N/A,tt2126235,5.7,7252,English|German,PG-13,"An American backpacker gets involved with a ring of drug smugglers as their driver, though he winds up on the run from his employers across Cologne high-speed Autobahn.",https://images-na.ssl-images-amazon.com/images/M/MV5BNjRhMGI3ZGItZTMzMS00NzdmLWI1MzMtNjk0ZmY5ZjMyZDdkL2ltYWdlXkEyXkFqcGdeQXVyNTQ3MjE4NTU@._V1_SX300.jpg,Open Road Films,2/24/2017,2016,99 min,Collide,Nicholas Hoult|Felicity Jones|Anthony Hopkins|Ben Kingsley,1,Action|Crime|Thriller,F. Scott Frazier |Eran Creevy |F. Scott Frazier 
21,2091568,Canada|Spain,Nacho Vigalondo,#N/A,tt4680182,6.4,7225,English,R,"Gloria is an out-of-work party girl forced to leave her life in New York City, and move back home. When reports surface that a giant creature is destroying Seoul, she gradually comes to the realization that she is somehow connected to this phenomenon.",https://images-na.ssl-images-amazon.com/images/M/MV5BMTY2NTExOTA2MF5BMl5BanBnXkFtZTgwNTMwMjE2MTI@._V1_SX300.jpg,NEON,4/21/2017,2016,109 min,Colossal,Anne Hathaway|Jason Sudeikis|Austin Stowell|Tim Blake Nelson,1,Action|Comedy|Drama,Nacho Vigalondo
22,0,USA,Kyle Balda|Pierre Coffin|Eric Guillon,#N/A,tt3469046,0,0,English|Vietnamese,#N/A,"Balthazar Bratt, a child star from the 1980's, hatches a scheme for world domination.",https://images-na.ssl-images-amazon.com/images/M/MV5BNjUyNzQ2MTg3Ml5BMl5BanBnXkFtZTgwNzE4NDM3MTI@._V1_SX300.jpg,Universal Pictures,6/30/2017,2017,#N/A,Despicable Me 3,Jenny Slate|Kristen Wiig|Steve Carell|Steve Coogan,0,Animation|Action|Adventure,Ken Daurio |Ken Daurio |Cinco Paul |Cinco Paul 
23,0,USA,David Bowers,#N/A,tt6003368,0,0,English,#N/A,"Greg convinces his family to take a road trip to attend his great grandmother's 90th birthday as a cover for what he really wants: to attend a nearby gamer convention. Unsurprisingly, ...",https://images-na.ssl-images-amazon.com/images/M/MV5BMTUwMjc3NjExMl5BMl5BanBnXkFtZTgwMzIwNDU1MTI@._V1_SX300.jpg,Twentieth Century Fox,5/19/2017,2017,#N/A,Diary of a Wimpy Kid: The Long Haul,Alicia Silverstone|Charlie Wright|Alexa Blair Robertson|Tom Everett Scott,0,Comedy|Family,David Bowers |Jeff Kinney |Jeff Kinney |Adam Sztykiel
24,0,USA,Hunter Adams,3/24/2017,tt2633076,5.8,303,English,#N/A,A girl's obsession with her brother's disappearance leads her on a nightmarish journey through a small town's Gothic landscape where she is faced with a deadly proposition. How far will she go to save the people she loves?,https://images-na.ssl-images-amazon.com/images/M/MV5BMTQ1MDAwNjU5MF5BMl5BanBnXkFtZTgwOTUyOTYzNzE@._V1_SX300.jpg,Area 23a,3/24/2017,2014,85 min,Dig Two Graves,Ted Levine|Samantha Isler|Danny Goldring|Troy Ruptash,0,Fantasy|Horror|Mystery,Hunter Adams |Hunter Adams|Jeremy Phillips
25,59213,USA,Kris Avedisian,#N/A,tt4442604,6.9,209,English,#N/A,"With sudden passing of his grandmother, Peter Latang returns to his hometown and encounters his long lost, childhood friend, Donald Treebeck. What begins as a simple favor, turns into a long day's journey into the past.",https://images-na.ssl-images-amazon.com/images/M/MV5BMTUyNjU2MzMzMl5BMl5BanBnXkFtZTgwNTUwNTcxMTI@._V1_SX300.jpg,Electric Chinoland,3/12/2016,2016,85 min,Donald Cried,Jesse Wakeman|Louisa Krause|Tyrone Alcorn|Ted Arcidi,1,Comedy|Drama,Kris Avedisian|Kris Avedisian |Kyle Espeleta |Jesse Wakeman 
26,0,UK,Lloyd Stanton|Paul Toogood,#N/A,tt5068712,6.2,45,English,#N/A,"The craft, creative process and complicated lives of stand-up comedians.",https://images-na.ssl-images-amazon.com/images/M/MV5BMjQyMTY0NzMwOF5BMl5BanBnXkFtZTgwNjUzNzg4MDI@._V1_SX300.jpg,#N/A,2/24/2017,2016,89 min,Dying Laughing,Stephen K. Amos|Dave Attell|Sandra Bernhard|Frankie Boyle,0,Documentary|Comedy,#N/A
27,0,USA,Stella Meghie,#N/A,tt5001718,0,0,English,PG-13,"A teenager who's lived a sheltered life because she's allergic to everything, falls for the boy who moves in next door.",https://images-na.ssl-images-amazon.com/images/M/MV5BMjAzMTE1NzQxNF5BMl5BanBnXkFtZTgwNjcwODY3MTI@._V1_SX300.jpg,#N/A,5/19/2017,2017,96 min,"Everything, Everything",Amandla Stenberg|Nick Robinson|Anika Noni Rose|Ana de la Reguera,1,Drama|Romance,J. Mills Goodloe |Nicola Yoon 
28,114376885,USA,James Foley,5/9/2017,tt4465564,4.7,37199,English,R,"While Christian wrestles with his inner demons, Anastasia must confront the anger and envy of the women who came before her.",https://images-na.ssl-images-amazon.com/images/M/MV5BMTQ5NTk0Njg2N15BMl5BanBnXkFtZTgwNzk5Nzk3MDI@._V1_SX300.jpg,Universal Pictures,2/10/2017,2017,118 min,Fifty Shades Darker,Dakota Johnson|Jamie Dornan|Eric Johnson|Eloise Mumford,0,Drama|Romance,Niall Leonard |E.L. James 
29,32153522,USA,Richie Keen,#N/A,tt3401882,5.8,5377,English,R,"When one school teacher unwittingly causes another teacher's dismissal, he is challenged to an after-school fight.",https://images-na.ssl-images-amazon.com/images/M/MV5BMTg0NzkyMjE5NF5BMl5BanBnXkFtZTgwMDE5NTg3MDI@._V1_SX300.jpg,Warner Bros. Pictures,2/17/2017,2017,91 min,Fist Fight,Charlie Day|Ice Cube|Tracy Morgan|Jillian Bell,1,Comedy,Van Robichaux |Evan Susser |Van Robichaux |Evan Susser |Max Greenfield 
30,0,USA,Jeff Grace,#N/A,tt3212910,7.4,68,English,#N/A,A successful singer-songwriter hatches a plan to help his friend's struggling comedy career and broken love life by hiring him as his opening act on his solo tour.,https://images-na.ssl-images-amazon.com/images/M/MV5BYzM2YWVmYmItODk2MC00MjQ2LWIyNWEtNDVlMDgwOTlmMjczXkEyXkFqcGdeQXVyNjIxNDQwMTI@._V1_SX300.jpg,#N/A,5/12/2017,2016,88 min,Folk Hero & Funny Guy,Alex Karpovsky|Wyatt Russell|Meredith Hagner|Melanie Lynskey,1,Comedy,Jeff Grace
32,0,USA,Vlad Yudin,#N/A,tt6263642,0,0,English,#N/A,Filmmaker Vlad Yudin follows several body builders as they struggle to find success in a competitive industry.,https://images-na.ssl-images-amazon.com/images/M/MV5BZWQ2ZWI0MDUtNmQ0NC00YjJjLTlkMWMtODg5YzgxYjAyYjc5XkEyXkFqcGdeQXVyNDMxNTQ3MTk@._V1_SX300.jpg,#N/A,5/12/2017,2017,106 min,Generation Iron 2,Kai Greene|Rich Piana|Calum Von Moger|Iris Kyle,0,Documentary,Vlad Yudin
33,173836140,USA,Jordan Peele,#N/A,tt5052448,8,77121,English,R,A young African-American man visits his Caucasian girlfriend's mysterious family estate.,https://images-na.ssl-images-amazon.com/images/M/MV5BNTE2Nzg1NjkzNV5BMl5BanBnXkFtZTgwOTgyODMyMTI@._V1_SX300.jpg,Universal Pictures,2/24/2017,2017,104 min,Get Out,Daniel Kaluuya|Allison Williams|Catherine Keener|Bradley Whitford,0,Horror|Mystery,Jordan Peele
34,40252290,USA|UK|India|China|Canada|New Zealand,Rupert Sanders,#N/A,tt1219827,6.8,44127,English|Japanese,PG-13,"In the near future, Major is the first of her kind: A human saved from a terrible crash, who is cyber-enhanced to be a perfect soldier devoted to stopping the world's most dangerous criminals.",https://images-na.ssl-images-amazon.com/images/M/MV5BMzJiNTI3MjItMGJiMy00YzA1LTg2MTItZmE1ZmRhOWQ0NGY1XkEyXkFqcGdeQXVyOTk4MTM0NQ@@._V1_SX300.jpg,Paramount Pictures,3/31/2017,2017,107 min,Ghost in the Shell,Scarlett Johansson|Pilou Asbæk|Takeshi Kitano|Juliette Binoche,1,Action|Crime|Drama,Shirow Masamune |Jamie Moss |William Wheeler |Ehren Kruger 
35,4449330,USA,Marc Webb,#N/A,tt4481414,7.8,1485,English,PG-13,"Frank, a single man raising his child prodigy niece Mary, is drawn into a custody battle with his mother.",https://images-na.ssl-images-amazon.com/images/M/MV5BMjQ2NDU3NDE0M15BMl5BanBnXkFtZTgwMjA3OTg0MDI@._V1_SX300.jpg,Fox Searchlight Pictures,4/12/2017,2017,101 min,Gifted,Chris Evans|Mckenna Grace|Lindsay Duncan|Jenny Slate,1,Drama,Tom Flynn
36,0,USA,Jedd Wider|Todd Wider,#N/A,tt5073020,8.2,20,English,#N/A,"The body of a homeless woman is found in an abandoned New Hampshire farmhouse. Beside the body, lies a diary that documents a journey of starvation and the loss of sanity, but told with ...",https://images-na.ssl-images-amazon.com/images/M/MV5BMjEyODIyMzk5M15BMl5BanBnXkFtZTgwMDYzNDcwODE@._V1_SX300.jpg,#N/A,5/1/2016,2016,97 min,God Knows Where I Am,Paul Appelbaum|Joan Bishop|Doug Bixby|Kevin Carbone,1,Documentary|Biography|Drama,#N/A
37,0,USA,Zach Braff,#N/A,tt2568862,6.8,7019,English,PG-13,"Desperate to pay the bills and come through for their loved ones, three lifelong pals risk it all by embarking on a daring bid to knock off the very bank that absconded with their money.",https://images-na.ssl-images-amazon.com/images/M/MV5BMTc5Mzg3NjI4OF5BMl5BanBnXkFtZTgwNzA3Mzg4MDI@._V1_SX300.jpg,Warner Bros. Pictures,4/7/2017,2017,96 min,Going in Style,Joey King|Morgan Freeman|Peter Serafinowicz|Ann-Margret,1,Comedy|Crime,Theodore Melfi |Edward Cannon 
39,0,USA,DJ Pooh,#N/A,tt4274656,7.2,80,English,R,Two guys start a risky new business to pay off a debt.,https://images-na.ssl-images-amazon.com/images/M/MV5BNmI5NDM0MTYtNDlhNi00YTE4LWExMjQtZjk3ZGRhOTE0YTUzXkEyXkFqcGdeQXVyMjI5MDIxOTY@._V1_SX300.jpg,#N/A,4/20/2017,2017,96 min,Grow House,Malcolm McDowell|Snoop Dogg|DeRay Davis|Lil Duval,1,Comedy,DJ Pooh
40,14867,USA,Frank Lotito,#N/A,tt1105355,7.7,164,English,PG-13,"In 1979, an Indian family moves to America with hopes of living the American Dream. While their 10-year-old boy Smith falls head-over-heels for the girl next door, his desire to become a ""good old boy"" propels him further away from his family's ideals than ever before.",https://images-na.ssl-images-amazon.com/images/M/MV5BOWI0MmZmN2MtMzczMy00Y2NlLWE2MzgtMWM0YTlmY2Y5MTczXkEyXkFqcGdeQXVyMDExMDMxOA@@._V1_SX300.jpg,Good Deed Entertainment,2/3/2017,2015,102 min,Growing Up Smith,Jason Lee|Anjul Nigam|Brighton Sharbino|Hilarie Burton,1,Comedy|Drama|Family,Gregory Scott Houghton |Gregory Scott Houghton|Anjul Nigam |Anjul Nigam|Paul Quinn |Paul Quinn
41,145049000,USA,James Gunn,#N/A,tt3896198,8.2,80269,English,PG-13,"Set to the backdrop of Awesome Mixtape #2, 'Guardians of the Galaxy Vol. 2' continues the team's adventures as they unravel the mystery of Peter Quill's true parentage.",https://images-na.ssl-images-amazon.com/images/M/MV5BMTg2MzI1MTg3OF5BMl5BanBnXkFtZTgwNTU3NDA2MTI@._V1_SX300.jpg,Walt Disney Pictures,5/5/2017,2017,136 min,Guardians of the Galaxy Vol. 2,Chris Pratt|Zoe Saldana|Dave Bautista|Vin Diesel,1,Action|Adventure|Sci-Fi,James Gunn
42,0,USA,Daniel Raim,#N/A,tt4683668,8.8,47,English,#N/A,"Harold and Lillian eloped to Hollywood in 1947, where they became the film industry's secret weapons. Nobody talked about them, but everybody wanted them. Theirs is the greatest story never told-until now.",http://ia.media-imdb.com/images/M/MV5BMjMyNTE5MTMzNl5BMl5BanBnXkFtZTgwNDgzMjE4NTE@._V1_SX300.jpg,Adama Films,4/9/2016,2015,94 min,Harold and Lillian: A Hollywood Love Story,Lillian Michelson|Harold Michelson|Danny DeVito|Mel Brooks,1,Documentary|Biography,Daniel Raim
43,0,USA,Ken Marino,#N/A,tt4795124,5.7,168,English|Spanish,PG-13,"Finding himself dumped after 25 years of marriage, a man who made a career of seducing rich older women must move in with his estranged sister, where he begins to learn the value of family.",https://images-na.ssl-images-amazon.com/images/M/MV5BYTAwZDk5NzItM2U0MS00NDUxLTgwMDAtNzVmZDMxMzMxMWYxXkEyXkFqcGdeQXVyNTAwODk1NzY@._V1_SX300.jpg,Pantelion Films,4/28/2017,2017,115 min,How to Be a Latin Lover,Eugenio Derbez|Salma Hayek|Rob Lowe|Kristen Bell,1,Comedy,Chris Spain|Jon Zack
44,7014658,France|USA,Raoul Peck,5/2/2017,tt5804038,7.4,4065,English,PG-13,"Writer James Baldwin tells the story of race in modern America with his unfinished novel, Remember This House.",https://images-na.ssl-images-amazon.com/images/M/MV5BMjEyNzIzMTk3Ml5BMl5BanBnXkFtZTgwNDE1Nzc1MDI@._V1_SX300.jpg,Magnolia Pictures,2/17/2017,2016,93 min,I Am Not Your Negro,Samuel L. Jackson|James Baldwin|Harry Belafonte|Marlon Brando,0,Documentary,James Baldwin |Raoul Peck 
45,8544,Sweden|USA,Kasper Collin,#N/A,tt4170344,7.5,90,English,#N/A,"An exploration of the relationship between jazz trumpeter Lee Morgan and his wife Helen, who was implicated in his murder in 1972.",https://images-na.ssl-images-amazon.com/images/M/MV5BOGM5NjAxMmQtNzU3NC00YzllLTgwNDItNWI1YzkzMjAyYTk4XkEyXkFqcGdeQXVyNTU5NDMxNjM@._V1_SX300.jpg,Kasper Collin Produktion,3/24/2017,2016,92 min,I Called Him Morgan,Lee Morgan|Helen Morgan|Wayne Shorter|Larry Reni Thomas,1,Documentary|Drama|History,Kasper Collin
46,0,USA,James Franco,#N/A,tt4411618,6.2,1310,English,R,An activist gets caught up in the labor movement for farm workers in California during the 1930s.,https://images-na.ssl-images-amazon.com/images/M/MV5BMTUzMzQ0NzYxMl5BMl5BanBnXkFtZTgwODE5NTAzMTI@._V1_SX300.jpg,Momentum Pictures,2/17/2017,2016,110 min,In Dubious Battle,Nat Wolff|James Franco|Vincent D'Onofrio|Selena Gomez,1,Drama,Matt Rager |John Steinbeck 
47,13956862,Chile|France|USA|Hong Kong,Pablo Larraín,3/7/2017,tt1619029,6.9,40018,English|Spanish,R,"Following the assassination of President John F. Kennedy, First Lady Jacqueline Kennedy fights through grief and trauma to regain her faith, console her children, and define her husband's historic legacy.",https://images-na.ssl-images-amazon.com/images/M/MV5BMzg4MjYzNjk5N15BMl5BanBnXkFtZTgwODgwODI3MDI@._V1_SX300.jpg,Fox Searchlight Pictures,12/2/2016,2016,100 min,Jackie,Natalie Portman|Peter Sarsgaard|Greta Gerwig|Billy Crudup,1,Biography|Drama|History,Noah Oppenheim
48,55588120,USA,Chad Stahelski,6/13/2017,tt4425200,8.1,79770,English|Italian,R,"After returning to the criminal underworld to repay a debt, John Wick discovers that a large bounty has been put on his life.",https://images-na.ssl-images-amazon.com/images/M/MV5BMjE2NDkxNTY2M15BMl5BanBnXkFtZTgwMDc2NzE0MTI@._V1_SX300.jpg,Summit Entertainment,2/10/2017,2017,122 min,John Wick: Chapter 2,Keanu Reeves|Riccardo Scamarcio|Ian McShane|Ruby Rose,0,Action|Crime|Thriller,Derek Kolstad|Derek Kolstad 
49,0,UK|Australia|USA,Guy Ritchie,#N/A,tt1972591,0,0,English,PG-13,"Robbed of his birthright, Arthur comes up the hard way in the back alleys of the city. But once he pulls the sword from the stone, he is forced to acknowledge his true legacy - whether he likes it or not.",https://images-na.ssl-images-amazon.com/images/M/MV5BMjM3ODY3Njc5Ml5BMl5BanBnXkFtZTgwMjQ5NjM5MTI@._V1_SX300.jpg,Warner Bros. Pictures,5/12/2017,2017,126 min,King Arthur: Legend of the Sword,Charlie Hunnam|Jude Law|Annabelle Wallis|Hermione Corfield,1,Action|Adventure|Drama,Joby Harold |Guy Ritchie |Lionel Wigram |David Dobkin |Joby Harold 
50,165487121,USA|China|Australia|Canada,Jordan Vogt-Roberts,#N/A,tt3731562,7,76590,English|Vietnamese,PG-13,"A team of scientists explore an uncharted island in the Pacific, venturing into the domain of the mighty Kong, and must fight to escape a primal Eden.",https://images-na.ssl-images-amazon.com/images/M/MV5BMTUwMzI5ODEwNF5BMl5BanBnXkFtZTgwNjAzNjI2MDI@._V1_SX300.jpg,Warner Bros. Pictures|Legendary Pictures,3/10/2017,2017,118 min,Kong: Skull Island,Tom Hiddleston|Samuel L. Jackson|Brie Larson|John C. Reilly,1,Action|Adventure|Fantasy,Dan Gilroy |Max Borenstein |Derek Connolly |John Gatins 
51,0,Canada|France,Eric Summer|Éric Warin,#N/A,tt2261287,6.8,2809,English,PG,"An orphan girl dreams of becoming a ballerina and flees her rural Brittany for Paris, where she passes for someone else and accedes to the position of pupil at the Grand Opera house.",https://images-na.ssl-images-amazon.com/images/M/MV5BZjEzMmFlNWUtYTFhOC00ZDMxLTllZmItZjc3ODMwNTk2ZmNlXkEyXkFqcGdeQXVyNTY2ODgzODg@._V1_SX300.jpg,The Weinstein Company,8/30/2017,2016,89 min,Leap!,Elle Fanning|Dane DeHaan|Carly Rae Jepsen|Maddie Ziegler,0,Animation|Adventure|Comedy,Eric Summer |Eric Summer |Laurent Zeitoun |Carol Noble |Laurent Zeitoun |Eric Summer 
52,29825481,USA,Daniel Espinosa,#N/A,tt5442430,7,33605,English|Japanese|Chinese,R,"A team of scientists aboard the International Space Station discover a rapidly evolving life form, that caused extinction on Mars, and now threatens the crew and all life on Earth.",https://images-na.ssl-images-amazon.com/images/M/MV5BMzAwMmQxNTctYjVmYi00MDdlLWEzMWUtOTE5NTRiNDhhNjI2L2ltYWdlXkEyXkFqcGdeQXVyMTkxNjUyNQ@@._V1_SX300.jpg,Columbia Pictures,3/24/2017,2017,104 min,Life,Hiroyuki Sanada|Ryan Reynolds|Rebecca Ferguson|Jake Gyllenhaal,1,Horror|Sci-Fi|Thriller,Rhett Reese|Paul Wernick
53,224508170,USA|Canada|Australia,James Mangold,#N/A,tt3315342,8.4,231684,English|Spanish,R,"In the near future, a weary Logan cares for an ailing Professor X somewhere on the Mexican border. However, Logan's attempts to hide from the world and his legacy are upended when a young mutant arrives, pursued by dark forces.",https://images-na.ssl-images-amazon.com/images/M/MV5BMjI1MjkzMjczMV5BMl5BanBnXkFtZTgwNDk4NjYyMTI@._V1_SX300.jpg,20th Century Fox,3/3/2017,2017,141 min,Logan,Hugh Jackman|Patrick Stewart|Dafne Keen|Boyd Holbrook,1,Action|Drama|Sci-Fi,James Mangold |Scott Frank |James Mangold |Michael Green 
54,0,USA,Ricardo de Montreuil,#N/A,tt1366338,7.8,91,#N/A,PG-13,"A young street artist in East Los Angeles is caught between his father's obsession with lowrider car culture, his ex-felon brother and his need for self-expression.",https://images-na.ssl-images-amazon.com/images/M/MV5BMTkxMzg2NjEwNl5BMl5BanBnXkFtZTgwNjk0NzgwMjI@._V1_SX300.jpg,#N/A,5/12/2017,2016,99 min,Lowriders,Melissa Benoist|Eva Longoria|Theo Rossi|Demián Bichir,1,Drama,Cheo Hodari Coker |Elgin James 
55,0,Ireland|Canada,Aisling Walsh,#N/A,tt3721954,7.6,179,English,PG-13,An arthritic Nova Scotia woman works as a housekeeper while she hones her skills as an artist and eventually becomes a beloved figure in the community.,https://images-na.ssl-images-amazon.com/images/M/MV5BMjA0NTQzMDY3NV5BMl5BanBnXkFtZTgwMDQ2Mzg0MTI@._V1_SX300.jpg,Landscape Entertainment,6/16/2017,2016,115 min,Maudie,Ethan Hawke|Sally Hawkins|Kari Matchett|Zachary Bennett,1,Biography|Drama|Romance,Sherry White
57,0,USA,Andrew Hunt,#N/A,tt4654472,9.6,38,English,NOT RATED,"A father and daughter who have been estranged by divorce for twelve years find themselves on a trip across the country that becomes a more complicated journey than they imagined. It's a story of pain, hope, healing, and redemption.",https://images-na.ssl-images-amazon.com/images/M/MV5BNGQ1ZGEwMTMtNGU3ZS00MzQ2LTk1NDctYTVjMjFkN2YyODNlXkEyXkFqcGdeQXVyNDQzNjk2NTI@._V1_SX300.jpg,#N/A,10/23/2016,2016,91 min,Miles Between Us,Gloria Kizzier|Dariush Moslemi|Eugene Kizzier|Bobby E. Erickson,1,Drama,Scott A. Peterson
58,0,USA,Jill Campbell,#N/A,tt4633340,0,0,English,#N/A,Child prodigy and former NBA star Kenny Anderson searches for a coaching job as he attempts to find relevancy post career.,#N/A,#N/A,#N/A,2016,92 min,Mr. Chibbs,Tiki Barber|Kenny Smith|Brian Oliver|Kenny Anderson,0,Documentary,Jill Campbell|Jill Campbell
59,13684,USA,Dash Shaw,#N/A,tt5538568,5.8,138,English,PG-13,"An earthquake causes a high school to float into the sea, where it slowly sinks like a shipwreck.",https://images-na.ssl-images-amazon.com/images/M/MV5BMTc1ODk0NzEwNl5BMl5BanBnXkFtZTgwMjQ2MzQ1MTI@._V1_SX300.jpg,GKIDS,9/23/2016,2016,75 min,My Entire High School Sinking Into the Sea,Jason Schwartzman|Lena Dunham|Reggie Watts|Maya Rudolph,0,Animation|Comedy|Drama,Dash Shaw
60,22450,UK|USA,John Dower,#N/A,tt5111874,6.7,6449,English,NOT RATED,Louis Theroux documents his investigation into what goes on behind the scenes of the infamous Church of Scientology.,https://images-na.ssl-images-amazon.com/images/M/MV5BMTQ5NTI2NDc3NF5BMl5BanBnXkFtZTgwNDA3ODk2MTI@._V1_SX300.jpg,Magnolia Pictures,3/10/2017,2015,99 min,My Scientology Movie,Rob Alter|Tom Cruise|Paz de la Huerta|Tom De Vocht,0,Documentary,John Dower |John Dower|Louis Theroux 
61,0,USA,Alfred Hitchcock,#N/A,tt0053125,8.4,232528,English,APPROVED,"A hapless New York advertising executive is mistaken for a government agent by a group of foreign spies, and is pursued across the country while he looks for a way to survive.",https://images-na.ssl-images-amazon.com/images/M/MV5BMjQwMTQ0MzgwNl5BMl5BanBnXkFtZTgwNjc4ODE4MzE@._V1_SX300.jpg,Turner Entertainment,9/26/1959,1959,136 min,North by Northwest,Cary Grant|Eva Marie Saint|James Mason|Jessie Royce Landis,1,Action|Adventure|Mystery,Ernest Lehman
62,0,USA,Eleanor Coppola,#N/A,tt4429194,4.6,102,English,PG,"Anne is at a crossroads in her life. Long married to a successful, driven but inattentive movie producer, she unexpectedly finds herself taking a car trip from Cannes to Paris with a ...",https://images-na.ssl-images-amazon.com/images/M/MV5BMTkxMzI4ODYzNl5BMl5BanBnXkFtZTgwODQxODU4MTI@._V1_SX300.jpg,Sony Pictures Classics,5/12/2017,2016,92 min,Paris Can Wait,Diane Lane|Alec Baldwin|Arnaud Viard|Cédric Monnet,1,Comedy|Drama|Romance,Eleanor Coppola
63,1261741,France|Germany,Olivier Assayas,#N/A,tt4714782,6.3,8858,English|French|Swedish,R,A personal shopper in Paris refuses to leave the city until she makes contact with her twin brother who previously died there. Her life becomes more complicated when a mysterious person contacts her via text message.,https://images-na.ssl-images-amazon.com/images/M/MV5BN2JhYTViMGUtMTU0Ni00MzU5LWE0ZmYtNDk2YTdmOTI5MTFjXkEyXkFqcGdeQXVyNTIyODMzMzA@._V1_SX300.jpg,IFC Films,3/10/2017,2016,105 min,Personal Shopper,Kristen Stewart|Lars Eidinger|Sigrid Bouaziz|Anders Danielsen Lie,1,Drama|Mystery|Thriller,Olivier Assayas |Olivier Assayas 
64,0,USA,Justin Barber,#N/A,tt6574272,0,0,English,PG-13,"20 years after three teenagers disappeared in the wake of mysterious lights appearing above Phoenix, Arizona, unseen footage from that night has been discovered, chronicling the final hours of their fateful expedition.",https://images-na.ssl-images-amazon.com/images/M/MV5BMTUxODEyNjEzNl5BMl5BanBnXkFtZTgwMDQyMTM2MTI@._V1_SX300.jpg,#N/A,4/21/2017,2017,80 min,Phoenix Forgotten,Florence Hartigan|Luke Spencer Roberts|Chelsea Lopez|Justin Matthews,0,Horror|Mystery|Sci-Fi,Justin Barber|T.S. Nowlin
65,0,USA,Joachim Rønning|Espen Sandberg,#N/A,tt1790809,0,0,English,PG-13,Captain Jack Sparrow searches for the trident of Poseidon.,https://images-na.ssl-images-amazon.com/images/M/MV5BMTYyMTcxNzc5M15BMl5BanBnXkFtZTgwOTg2ODE2MTI@._V1_SX300.jpg,Walt Disney Pictures,5/26/2017,2017,#N/A,Pirates of the Caribbean: Dead Men Tell No Tales,Johnny Depp|Keira Knightley|Kaya Scodelario|David Wenham,1,Action|Adventure|Comedy,Jeff Nathanson |Jeff Nathanson |Terry Rossio |Ted Elliott |Terry Rossio |Stuart Beattie |Jay Wolpert 
66,84234169,USA|Hong Kong|Japan|Mexico|Canada|New Zealand,Dean Israelite,#N/A,tt3717490,6.9,25584,English,PG-13,"A group of high-school students, who are infused with unique superpowers, harness their abilities in order to save the world.",https://images-na.ssl-images-amazon.com/images/M/MV5BMTU1MTkxNzc5NF5BMl5BanBnXkFtZTgwOTM2Mzk3MTI@._V1_SX300.jpg,Lionsgate Films,3/24/2017,2017,124 min,Power Rangers,Dacre Montgomery|Naomi Scott|RJ Cyler|Ludi Lin,1,Action|Adventure|Sci-Fi,John Gatins |Matt Sazama |Burk Sharpless |Michele Mulroney |Kieran Mulroney |Haim Saban 
67,0,UK,Alice Lowe,#N/A,tt5154288,6.1,1135,English,#N/A,"Widow Ruth is seven months pregnant when, believing herself to be guided by her unborn baby, she embarks on a homicidal rampage, dispatching anyone who stands in her way.",https://images-na.ssl-images-amazon.com/images/M/MV5BMzA3MjQ0NTc2OF5BMl5BanBnXkFtZTgwNjAyNzU3MTI@._V1_SX300.jpg,Western Edge Pictures,3/24/2017,2016,88 min,Prevenge,Gemma Whelan|Alice Lowe|Jo Hartley|Kate Dickie,0,Comedy|Drama|Fantasy,Alice Lowe
68,0,Morocco|USA,Werner Herzog,#N/A,tt1837636,5.6,5402,English|Arabic|Turkish,PG-13,"A chronicle of Gertrude Bell's life, a traveler, writer, archaeologist, explorer, cartographer, and political attaché for the British Empire at the dawn of the twentieth century.",https://images-na.ssl-images-amazon.com/images/M/MV5BMTY4NTQ4MzQ5OF5BMl5BanBnXkFtZTgwMzM0Mzc4MTI@._V1_SX300.jpg,IFC Films,4/14/2017,2015,128 min,Queen of the Desert,Nicole Kidman|James Franco|Damian Lewis|Robert Pattinson,1,Biography|Drama|History,Werner Herzog 
69,26844692,USA|Germany|France|UK|Japan|Canada|South Africa|Australia,Paul W.S. Anderson,5/16/2017,tt2592614,5.6,43416,English,R,"Alice returns to where the nightmare began: The Hive in Raccoon City, where the Umbrella Corporation is gathering its forces for a final strike against the only remaining survivors of the apocalypse.",https://images-na.ssl-images-amazon.com/images/M/MV5BMTc0Mzc2OTQ0Ml5BMl5BanBnXkFtZTgwOTQ5MjE4MDI@._V1_SX300.jpg,Sony Pictures,1/27/2017,2016,107 min,Resident Evil: The Final Chapter,Milla Jovovich|Iain Glen|Ali Larter|Shawn Roberts,0,Action|Horror|Sci-Fi,Paul W.S. Anderson
70,27766716,USA|Canada,F. Javier Gutiérrez,#N/A,tt0498381,4.5,12200,English,PG-13,A young woman finds herself on the receiving end of a terrifying curse that threatens to take her life in seven days.,https://images-na.ssl-images-amazon.com/images/M/MV5BNjU1NDAxNTg0MF5BMl5BanBnXkFtZTgwNzUxMjEwMTI@._V1_SX300.jpg,Paramount Pictures,2/3/2017,2017,102 min,Rings,Matilda Anna Ingrid Lutz|Alex Roe|Johnny Galecki|Vincent D'Onofrio,0,Drama|Horror,David Loucka |Jacob Estes |Akiva Goldsman |David Loucka |Jacob Estes |Kôji Suzuki 
71,0,Sweden|Australia,Alan White,#N/A,tt0217007,6.1,472,English,R,A naïve insurance adjuster comes under the tutelage of his jaded boss and gets caught in a web of deceit and lust.,https://images-na.ssl-images-amazon.com/images/M/MV5BMTUzMDAyNzc1OV5BMl5BanBnXkFtZTcwNDY3MzgxMQ@@._V1_SX300.jpg,LionsGate Entertainment,2/18/2000,2000,93 min,Risk,Tom Long|Claudia Karvan|Melissa Madden-Gray|Bryan Brown,1,Drama|Crime|Thriller,John Armstrong|Tracy Kidder |Steve Wright 
72,0,China|USA,Ash Brannon,#N/A,tt2822672,5.6,716,English,PG,"When a radio falls from the sky into the hands of a wide-eyed Tibetan Mastiff, he leaves home to fulfill his dream of becoming a musician, setting into motion a series of completely unexpected events.",https://images-na.ssl-images-amazon.com/images/M/MV5BMjA5MTAwMzM3OF5BMl5BanBnXkFtZTgwNTk4NjYyMTI@._V1_SX300.jpg,#N/A,2/24/2017,2016,90 min,Rock Dog,Luke Wilson|Eddie Izzard|J.K. Simmons|Lewis Black,1,Animation|Adventure|Comedy,Denise Bradley |Ash Brannon |Ash Brannon|Vincente DiSanti |Will Finn |Carolyn Gair |Zheng Jun |Nicole McMath |Kurt Voelker|Josh Zinman 
73,0,USA,William A. Wellman,7/23/1997,tt0029322,7.4,4671,English,APPROVED,"An eccentric woman learns she is not dying of radium poisoning as earlier assumed, but when she meets a reporter looking for a story, she feigns sickness again for her own profit.",https://images-na.ssl-images-amazon.com/images/M/MV5BMDJhNTY2YWYtNTA2Mi00MDk3LTkyOTgtZTU1MzEwZWQwZWMzXkEyXkFqcGdeQXVyNjc0MzMzNjA@._V1_SX300.jpg,eRealBiz,11/26/1937,1937,77 min,Nothing Sacred,Carole Lombard|Fredric March|Charles Winninger|Walter Connolly,0,Comedy|Drama|Romance,Ben Hecht |James Street 
74,20720,France|Germany,Bruno Dumont,#N/A,tt4726636,6.2,1900,French|English,UNRATED,Summer 1910. Several tourists have vanished while relaxing on the beautiful beaches of the Channel Coast. Infamous inspectors Machin and Malfoy soon gather that the epicenter of these ...,https://images-na.ssl-images-amazon.com/images/M/MV5BY2JkMDNmY2ItN2VlMS00ZTQ3LTg2ZTctOTJlNWE3NzBlMTMwXkEyXkFqcGdeQXVyODM3MjA1NA@@._V1_SX300.jpg,Kino Lorber,1/26/2017,2016,122 min,Slack Bay,Fabrice Luchini|Juliette Binoche|Valeria Bruni Tedeschi|Jean-Luc Vincent,0,Comedy,Bruno Dumont |Bruno Dumont 
75,1701785,USA,J.D. Dillard,#N/A,tt4573516,5.4,273,English,R,"A young street magician (Jacob Latimore) is left to care for his little sister after their parents passing, and turns to illegal activities to keep a roof over their heads. When he gets in ...",https://images-na.ssl-images-amazon.com/images/M/MV5BODRjMDRlMmUtNGFiZi00NjIwLWJkMDgtZGU5NjY4MDNmODg3XkEyXkFqcGdeQXVyMjU3NTI0Mg@@._V1_SX300.jpg,BH Tilt,4/28/2017,2016,90 min,Sleight,Jacob Latimore|Seychelle Gabriel|Dulé Hill|Storm Reid,0,Action|Drama|Sci-Fi,J.D. Dillard|Alex Theurer
76,24945059,USA,Kelly Asbury,#N/A,tt2398241,5.8,3466,English,PG,"In this fully animated, all-new take on the Smurfs, a mysterious map sets Smurfette and her friends Brainy, Clumsy and Hefty on an exciting race through the Forbidden Forest leading to the discovery of the biggest secret in Smurf history.",https://images-na.ssl-images-amazon.com/images/M/MV5BMTg1NjgyMTYzM15BMl5BanBnXkFtZTgwMzIxNDc4MDI@._V1_SX300.jpg,Sony Pictures,4/7/2017,2017,90 min,Smurfs: The Lost Village,Demi Lovato|Rainn Wilson|Joe Manganiello|Jack McBrayer,0,Animation|Adventure|Comedy,Stacey Harman|Pamela Ribon|Peyo 
77,0,USA,Jonathan Levine,#N/A,tt2334871,0,0,English,R,"When her boyfriend dumps her before their exotic vacation, a young woman persuades her ultra-cautious mother to travel with her to paradise, with unexpected results.",https://images-na.ssl-images-amazon.com/images/M/MV5BZTI5NWY1YTQtODYxMi00M2VmLTgzNDQtMGM3NWU5YjViNDE5XkEyXkFqcGdeQXVyMTkxNjUyNQ@@._V1_SX300.jpg,#N/A,5/12/2017,2017,91 min,Snatched,Amy Schumer|Kim Caramele|Raven Goodwin|Katie Dippold,1,Action|Comedy,Katie Dippold
78,421856,USA,Terrence Malick,#N/A,tt2062700,6.7,1156,English,R,"Two intersecting love triangles. Obsession and betrayal set against the music scene in Austin, Texas.",https://images-na.ssl-images-amazon.com/images/M/MV5BNzI1MTg0MzEyOF5BMl5BanBnXkFtZTgwNzk4Mjk0MTI@._V1_SX300.jpg,Broad Green Pictures,3/17/2017,2017,129 min,Song to Song,Ryan Gosling|Rooney Mara|Michael Fassbender|Natalie Portman,0,Drama|Music|Romance,Terrence Malick
79,190511,Canada|South Korea,Aaron Woodley,#N/A,tt3228088,6.8,76,English,PG,"Spark, a teenage monkey and his friends, Chunk and Vix, are on a mission to regain Planet Bana - a kingdom overtaken by the evil overlord Zhong.",https://images-na.ssl-images-amazon.com/images/M/MV5BMTcwNzc2Mzk2M15BMl5BanBnXkFtZTgwNzU2MzA2MTI@._V1_SX300.jpg,Open Road Films,4/14/2017,2016,90 min,Spark: A Space Tail,Patrick Stewart|Susan Sarandon|Jessica Biel|Hilary Swank,1,Animation|Adventure|Comedy,Doug Hadders |Robert Reece |Adam Rotstein |Aaron Woodley
80,2335346,UK,Danny Boyle,#N/A,tt2763304,7.7,27622,English|Bulgarian,R,"After 20 years abroad, Mark Renton returns to Scotland and reunites with his old friends Sick Boy, Spud, and Begbie.",https://images-na.ssl-images-amazon.com/images/M/MV5BMTU2NTA0NDM0MF5BMl5BanBnXkFtZTgwMDMzMTQzMTI@._V1_SX300.jpg,TriStar Pictures,3/31/2017,2017,117 min,T2 Trainspotting,Ewan McGregor|Logan Gillies|Ben Skelton|Aiden Haggarty,1,Drama,John Hodge|Irvine Welsh 
81,3606977,Finland|USA,Jeffrey Blitz,#N/A,tt1412528,5.8,947,English,PG-13,"Eloise, having been relieved of maid of honor duties after being unceremoniously dumped by the best man via text, decides to attend the wedding anyway, only to find herself seated with five fellow unwanted guests at the dreaded Table 19.",https://images-na.ssl-images-amazon.com/images/M/MV5BNDk0NDgwOTQzNF5BMl5BanBnXkFtZTgwODgyODMyMTI@._V1_SX300.jpg,Fox Searchlight Pictures,3/3/2017,2017,87 min,Table 19,Anna Kendrick|Rya Meyers|Charles Green|Lisa Kudrow,1,Comedy|Drama,Jay Duplass |Mark Duplass 
82,9584765,USA,Greg McLean,#N/A,tt1082807,6.5,2199,English,R,"In a twisted social experiment, 80 Americans are locked in their high-rise corporate office in Bogotá, Colombia and ordered by an unknown voice coming from the company's intercom system to participate in a deadly game of kill or be killed.",https://images-na.ssl-images-amazon.com/images/M/MV5BODQyMDkyOTE2MF5BMl5BanBnXkFtZTgwNDQ1NTQwMTI@._V1_SX300.jpg,BH Tilt,3/17/2017,2016,89 min,The Belko Experiment,John Gallagher Jr.|Tony Goldwyn|Adria Arjona|John C. McGinley,0,Action|Horror|Thriller,James Gunn
83,19980,Canada|USA,Oz Perkins,#N/A,tt3286052,5.6,3613,English,R,Two girls must battle a mysterious evil force when they get left behind at their boarding school over winter break.,https://images-na.ssl-images-amazon.com/images/M/MV5BMTY2NTQ3NTEzNF5BMl5BanBnXkFtZTgwMzA0MzY1OTE@._V1_SX300.jpg,A24 Films,2/16/2017,2015,93 min,The Blackcoat's Daughter,Emma Roberts|Kiernan Shipka|Lauren Holly|Lucy Boynton,0,Horror|Thriller,Oz Perkins
84,116323907,USA,Hendel Butoy|Tom McGrath,#N/A,tt3874544,6.5,10901,English,PG,A suit-wearing briefcase-carrying baby pairs up with his seven-year old brother to stop the dastardly plot of the CEO of Puppy Co.,https://images-na.ssl-images-amazon.com/images/M/MV5BMTk2NjI5NzgwNl5BMl5BanBnXkFtZTgwNDc4NTA1OTE@._V1_SX300.jpg,DreamWorks Animation,3/31/2017,2017,97 min,The Boss Baby,Alec Baldwin|Steve Buscemi|Jimmy Kimmel|Lisa Kudrow,1,Animation|Comedy|Family,Michael McCullers|Marla Frazee 
85,13872143,USA,Jon Gunn,#N/A,tt6113488,6,1013,English,PG,An investigative journalist and self-proclaimed atheist sets out to disprove the existence of God after his wife becomes a Christian.,https://images-na.ssl-images-amazon.com/images/M/MV5BZTJmZWMwNDQtNGUzZS00MWRiLThmMjctNTY3NGY1ODE5M2ExL2ltYWdlXkEyXkFqcGdeQXVyNTQ3MjE4NTU@._V1_SX300.jpg,Pure Flix,4/7/2017,2017,112 min,The Case for Christ,Mike Vogel|Erika Christensen|Faye Dunaway|Robert Forster,1,Drama,Brian Bird |Lee Strobel 
86,15654158,United Arab Emirates|USA,James Ponsoldt,#N/A,tt4287320,0,0,English,PG-13,"A woman lands a dream job at a powerful tech company called the Circle, only to uncover a nefarious agenda that will affect the lives of her friends, family and that of humanity.",https://images-na.ssl-images-amazon.com/images/M/MV5BMjY2OTM2Njc3Ml5BMl5BanBnXkFtZTgwNDgzODU3MTI@._V1_SX300.jpg,EuropaCorp | STXfilms,4/28/2017,2017,110 min,The Circle,Emma Watson|Karen Gillan|Tom Hanks|Bill Paxton,1,Drama|Sci-Fi|Thriller,James Ponsoldt |Dave Eggers |Dave Eggers 
87,1658706,USA,Taylor Hackford,5/2/2017,tt1967614,5.1,1187,English,R,A look at the life of an aging insult comic named Jack Burke.,https://images-na.ssl-images-amazon.com/images/M/MV5BMTgyOTMzODE3Ml5BMl5BanBnXkFtZTgwMTk3NTM3MDI@._V1_SX300.jpg,Sony Pictures Classics,2/3/2017,2016,120 min,The Comedian,Robert De Niro|Leslie Mann|Harvey Keitel|Edie Falco,1,Comedy,Art Linson |Jeffrey Ross |Richard LaGravenese |Lewis Friedman |Art Linson 
88,0,USA,Oren Moverman,#N/A,tt3203620,6.3,145,English,R,A look at how far parents will go to protect their children. Feature film based on a novel by Herman Koch.,https://images-na.ssl-images-amazon.com/images/M/MV5BMjM0ODg1NTMzMV5BMl5BanBnXkFtZTgwMjczMzA2MTI@._V1_SX300.jpg,Chubbco Film Co.,5/5/2017,2017,120 min,The Dinner,Richard Gere|Laura Linney|Steve Coogan|Rebecca Hall,1,Drama|Mystery|Thriller,Herman Koch |Oren Moverman 
89,98786705,USA,F. Gary Gray,#N/A,tt4630562,7.3,56966,English,PG-13,"When a mysterious woman seduces Dom into the world of terrorism and a betrayal of those closest to him, the crew face trials that will test them as never before.",https://images-na.ssl-images-amazon.com/images/M/MV5BMjMxODI2NDM5Nl5BMl5BanBnXkFtZTgwNjgzOTk1MTI@._V1_SX300.jpg,Universal Pictures,4/14/2017,2017,136 min,The Fate of the Furious,Vin Diesel|Jason Statham|Dwayne Johnson|Michelle Rodriguez,1,Action|Adventure|Crime,Chris Morgan|Gary Scott Thompson 
90,12785093,USA,John Lee Hancock,#N/A,tt4276820,7.2,28079,English,PG-13,"The story of Ray Kroc, a salesman who turned two brothers' innovative fast food eatery, McDonald's, into one of the biggest restaurant businesses in the world with a combination of ambition, persistence, and ruthlessness.",https://images-na.ssl-images-amazon.com/images/M/MV5BMzExNDg0MDk1M15BMl5BanBnXkFtZTgwNzE1Mjg0MDI@._V1_SX300.jpg,The Weinstein Company,1/20/2017,2016,115 min,The Founder,Michael Keaton|Nick Offerman|John Carroll Lynch|Linda Cardellini,1,Biography|Drama|History,Robert D. Siegel
91,0,USA,Mark Pellington,#N/A,tt5023260,7.2,96,English,R,"Harriet is a retired businesswoman who tries to control everything around her. When she decides to write her own obituary, a young journalist takes up the task of finding out the truth resulting in a life-altering friendship.",https://images-na.ssl-images-amazon.com/images/M/MV5BMTQ4Mzc1MzY5OV5BMl5BanBnXkFtZTgwNzU0NzE4MDI@._V1_SX300.jpg,#N/A,3/3/2017,2017,108 min,The Last Word,Shirley MacLaine|Amanda Seyfried|AnnJewel Lee Dixon|Thomas Sadoski,1,Comedy|Drama,Stuart Ross Fink
92,173818349,USA|Denmark,Chris McKay,#N/A,tt4116284,7.6,37550,English,PG,"A cooler-than-ever Bruce Wayne must deal with the usual suspects as they plan to rule Gotham City, while discovering that he has accidentally adopted a teenage orphan who wishes to become his sidekick.",https://images-na.ssl-images-amazon.com/images/M/MV5BMTcyNTEyOTY0M15BMl5BanBnXkFtZTgwOTAyNzU3MDI@._V1_SX300.jpg,Warner Bros. Pictures,2/10/2017,2017,104 min,The LEGO Batman Movie,Will Arnett|Michael Cera|Rosario Dawson|Ralph Fiennes,0,Animation|Action|Adventure,Seth Grahame-Smith |Chris McKenna |Erik Sommers |Jared Stern |John Whittington |Seth Grahame-Smith |Bob Kane |Bill Finger |Jerry Siegel |Joe Shuster 
93,6632068,USA,James Gray,#N/A,tt1212428,7.1,6741,English|Spanish|Portuguese|German,PG-13,"A true-life drama, centering on British explorer Col. Percival Fawcett, who disappeared while searching for a mysterious city in the Amazon in the 1920s.",https://images-na.ssl-images-amazon.com/images/M/MV5BMjQzNTk3MTkyNF5BMl5BanBnXkFtZTgwMDA2MDQzMTI@._V1_SX300.jpg,Amazon Studios|Bleecker Street Media,4/21/2017,2016,141 min,The Lost City of Z,Charlie Hunnam|Robert Pattinson|Sienna Miller|Tom Holland,1,Action|Adventure|Biography,James Gray |David Grann 
94,0,USA,Alex Kurtzman,#N/A,tt2345759,0,0,English,PG-13,"An ancient princess is awakened from her crypt beneath the desert, bringing with her malevolence grown over millennia, and terrors that defy human comprehension.",https://images-na.ssl-images-amazon.com/images/M/MV5BMjM5NzM5NTgxN15BMl5BanBnXkFtZTgwNDEyNTk4MTI@._V1_SX300.jpg,Universal,6/9/2017,2017,120 min,The Mummy,Sofia Boutella|Tom Cruise|Annabelle Wallis|Russell Crowe,1,Action|Adventure|Fantasy,Jon Spaihts|Christopher McQuarrie
95,1235432,UK,Ritesh Batra,#N/A,tt4827986,6.7,590,English,PG-13,A man becomes haunted by his past and is presented with a mysterious legacy that causes him to re-think his current situation in life.,https://images-na.ssl-images-amazon.com/images/M/MV5BYzI5ZDM2NjYtNmVhMS00Y2Q4LTg5ZWUtZjUwOGNkZDJhNGY2L2ltYWdlXkEyXkFqcGdeQXVyMjM4NTM5NDY@._V1_SX300.jpg,CBS Films,3/10/2017,2017,108 min,The Sense of an Ending,Jim Broadbent|Charlotte Rampling|Harriet Walter|Michelle Dockery,0,Drama,Julian Barnes |Nick Payne |Nick Payne 
96,57161785,USA,Stuart Hazeldine,#N/A,tt2872518,6.5,4181,English,PG-13,"A grieving man receives a mysterious, personal invitation to meet with God at a place called ""The Shack.""",https://images-na.ssl-images-amazon.com/images/M/MV5BMjI3MDMxNzcxNl5BMl5BanBnXkFtZTgwODc4MzkwOTE@._V1_SX300.jpg,Lionsgate,3/3/2017,2017,132 min,The Shack,Sam Worthington|Octavia Spencer|Tim McGraw|Radha Mitchell,1,Drama|Fantasy,John Fusco |Andrew Lanham |Destin Daniel Cretton |William P. Young |Wayne Jacobsen |Brad Cummings 
97,7829766,USA,Peter Chelsom,#N/A,tt3922818,6.4,7880,English,PG-13,"The first human born on Mars travels to Earth for the first time, experiencing the wonders of the planet through fresh eyes. He embarks on an adventure with a street smart girl to discover how he came to be.",https://images-na.ssl-images-amazon.com/images/M/MV5BNjYzODU1OTkwN15BMl5BanBnXkFtZTgwMDA3MTMwMDI@._V1_SX300.jpg,STX Entertainment,2/3/2017,2017,120 min,The Space Between Us,Gary Oldman|Janet Montgomery|Trey Tucker|Scott Takeda,1,Adventure|Drama|Romance,Allan Loeb |Stewart Schill |Richard Barton Lewis |Allan Loeb 
98,15905,USA,Michael O'Shea,#N/A,tt5039088,6.1,270,English,#N/A,"When troubled teen Milo, who has a fascination with vampire lore, meets the equally alienated Sophie, the two form a bond that begins to blur Milo's fantasy into reality.",https://images-na.ssl-images-amazon.com/images/M/MV5BMTY3NDUxMzc5Ml5BMl5BanBnXkFtZTgwMDgxOTc2MTI@._V1_SX300.jpg,Transfiguration Prods.,4/21/2017,2016,97 min,The Transfiguration,Eric Ruffin|Chloe Levine|Jelly Bean|Phyillicia Bishop,0,Drama|Horror,Michael O'Shea
99,1826612,UK,Lone Scherfig,#N/A,tt1661275,7.1,2233,English|Hungarian,R,"A former secretary, newly appointed as a scriptwriter for propaganda films, joins the cast and crew of a major production while the Blitz rages around them.",https://images-na.ssl-images-amazon.com/images/M/MV5BMTgyMDc0OTI0NF5BMl5BanBnXkFtZTgwOTk1Mjg2MTI@._V1_SX300.jpg,EuropaCorp | STXfilms,4/7/2017,2016,117 min,Their Finest,Gemma Arterton|Sam Claflin|Bill Nighy|Jack Huston,1,Comedy|Drama|Romance,Gaby Chiappe |Lissa Evans 
100,410616,UK|USA,Jason Connery,#N/A,tt3467914,6.3,118,English,PG,"In every generation, a torch passes from father to son. And that timeless dynamic is the beating heart of Tommy's Honour - an intimate, powerfully moving tale of the real-life founders of the modern game of golf.",https://images-na.ssl-images-amazon.com/images/M/MV5BNzA4OTQ4NTc3OF5BMl5BanBnXkFtZTgwMzIwMzY2MDI@._V1_SX300.jpg,Roadside Attractions,4/14/2017,2016,117 min,Tommy's Honour,Ophelia Lovibond|Sam Neill|Peter Mullan|Jack Lowden,1,Biography|Drama|Romance,Pamela Marin|Kevin Cook
102,0,USA,Alexi Pappas|Jeremy Teicher,#N/A,tt5750534,7.2,25,English,#N/A,"A young, talented, and lonely long-distance runner twists her ankle as she prepares for the Olympic Trials and must do something she's never done before: take a day off.",https://images-na.ssl-images-amazon.com/images/M/MV5BZTZjYWEwZjMtZWYxNS00MjNhLTk5MjYtMjlmZTk0NDg1NDcyXkEyXkFqcGdeQXVyMTM2MzgyOTU@._V1_SX300.jpg,Orion Pictures & Samuel Goldwyn Films,5/12/2017,2016,88 min,Tracktown,Alexi Pappas|Chase Offerle|Rachel Dratch|Andy Buckley,0,Drama|Sport,Alexi Pappas|Jeremy Teicher
103,0,USA,Michael Bay,#N/A,tt3371366,0,0,English,#N/A,"Humans and Transformers are at war, Optimus Prime is gone. The key to saving our future lies buried in the secrets of the past, in the hidden history of Transformers on Earth.",https://images-na.ssl-images-amazon.com/images/M/MV5BMjMwMzM4NTE5OV5BMl5BanBnXkFtZTgwMTAwNDU4MDI@._V1_SX300.jpg,Paramount Pictures,6/23/2017,2017,#N/A,Transformers: The Last Knight,Gemma Chan|Mark Wahlberg|Stanley Tucci|Anthony Hopkins,1,Action|Adventure|Sci-Fi,Art Marcum |Matt Holloway |Ken Nolan |Art Marcum |Ken Nolan |Akiva Goldsman |Matt Holloway 
104,0,USA,John Dahl,6/4/2002,tt0118040,6,4140,English|Spanish,R,"Unsuccessfully framed for his wife's murder, Dr. David Krane attempts to find the real culprit by utilizing a new drug that allows him to experience the memories of other people first-hand....",https://images-na.ssl-images-amazon.com/images/M/MV5BMjE4MjA4MzIxMV5BMl5BanBnXkFtZTcwMTg3Mjg3NA@@._V1_SX300.jpg,MGM Home Entertainment,2/23/1996,1996,117 min,Unforgettable,Ray Liotta|Linda Fiorentino|Peter Coyote|Christopher McDonald,1,Drama|Mystery|Sci-Fi,Bill Geddie
105,0,UK,Michael Caton-Jones,5/12/2017,tt2184335,6.2,175,English,#N/A,"Urban Hymn follows a troubled teenage girl, Jamie, who possesses an amazing singing voice, and an inspiring and unconventional social worker, Kate, who encourages her to use it.",https://images-na.ssl-images-amazon.com/images/M/MV5BZjkwYzVlZjEtM2M4Yi00NThiLTg1ZjUtMjAxMWRhMjgzYzY2XkEyXkFqcGdeQXVyNDg3MTQxOTg@._V1_SX300.jpg,Level 33 Entertainment,5/12/2017,2015,114 min,Urban Hymn,Shirley Henderson|Ian Hart|Jack McMullen|Steven Mackintosh,0,Crime|Drama,Nick Moorcroft
106,0,USA|Italy,Eric D. Howell,#N/A,tt1544608,5.4,1811,English,R,"Set in 1950s Tuscany, Voice from the Stone is the haunting and suspenseful story of Verena, a solemn nurse drawn to aid a young boy who has fallen silent since the sudden passing of his mother.",https://images-na.ssl-images-amazon.com/images/M/MV5BNzQzNzc2MDQ3OF5BMl5BanBnXkFtZTgwNTU2NzU2MTI@._V1_SX300.jpg,#N/A,4/28/2017,2017,94 min,Voice from the Stone,Emilia Clarke|Marton Csokas|Caterina Murino|Kate Linder,1,Drama|Mystery|Thriller,Silvio Raffo |Andrew Shaw 
107,0,USA,Robin Swicord,#N/A,tt5195412,7,121,English,#N/A,A man's nervous breakdown causes him to leave his wife and live in his attic for several months.,https://images-na.ssl-images-amazon.com/images/M/MV5BMWYxZDM0MWItMTk5MC00ZWI3LWI1MTQtZDA2NmZlNDgyMTJiXkEyXkFqcGdeQXVyNTE1NzkxNzU@._V1_SX300.jpg,IFC Films,6/15/2017,2016,106 min,Wakefield,Bryan Cranston|Jennifer Garner|Jason O'Mara|Beverly D'Angelo,1,Drama,Robin Swicord
108,0,USA,Henry King,#N/A,tt0037465,6.9,1122,English,UNRATED,A chronicle of the political career of US President Woodrow Wilson.,https://images-na.ssl-images-amazon.com/images/M/MV5BMjEyMDcwODY0Ml5BMl5BanBnXkFtZTcwMTM3NzQyMQ@@._V1_SX300.jpg,Twentieth Century Fox Film Cor,8/1/1945,1944,154 min,Wilson,Alexander Knox|Geraldine Fitzgerald|Thomas Mitchell|Ruth Nelson,1,Biography|Drama|History,Lamar Trotti 
109,0,USA,Lauren Montgomery,#N/A,tt1186373,7.4,12142,English,PG-13,A modern man's trespass of the island of the Amazons enables an imprisoned war god to escape and Princess Diana wins the responsibility to recapture him.,https://images-na.ssl-images-amazon.com/images/M/MV5BNzU1NmNmNTgtMTUyYS00ZmRmLTkzOWItOTY2ZWZiYjVkYzkzXkEyXkFqcGdeQXVyNjExODE1MDc@._V1_SX300.jpg,Laguna Productions,3/3/2009,2009,74 min,Wonder Woman,Keri Russell|Nathan Fillion|Alfred Molina|Rosario Dawson,0,Animation|Action|Adventure,William Moulton Marston |Gail Simone |Michael Jelenic |Michael Jelenic 
110,0,USA,Alexander Janko,#N/A,tt4068586,8.2,40,English,#N/A,"Hoping to reclaim who she was before marriage and children, an empty nester retreats to Cape Cod where she embarks upon a quest to set herself free.",https://images-na.ssl-images-amazon.com/images/M/MV5BMTgwNTk1ODMxMF5BMl5BanBnXkFtZTgwMTQ3NDQ1MTI@._V1_SX300.jpg,Real Women Make Waves,2/24/2017,2016,114 min,Year by the Sea,Monique Gabriela Curnen|Karen Allen|Yannick Bisson|Celia Imrie,0,Comedy|Drama|Romance,Joan Anderson |Alexander Janko |Alexander Janko
